"","subslice","group","sex","mV","pA"
"1","c0798A","Stressed","Female",-30,27.618408225
"2","c0798A","Stressed","Female",-35,13.42773435
"3","c0798A","Stressed","Female",-40,37.07885745
"4","c0798A","Stressed","Female",-45,25.939941425
"5","c0798A","Stressed","Female",-50,17.08984375
"6","c0798A","Stressed","Female",-55,12.05444335
"7","c0798A","Stressed","Female",-60,3.35693365
"8","c0798A","Stressed","Female",-65,-10.2233886725
"9","c0798A","Stressed","Female",-70,-5.6457519525
"10","c0798A","Stressed","Female",-75,-8.544921875125
"11","c0798B","Stressed","Female",-30,18.61572265
"12","c0798B","Stressed","Female",-35,17.8527832225
"13","c0798B","Stressed","Female",-40,14.3432617375
"14","c0798B","Stressed","Female",-45,23.4985351675
"15","c0798B","Stressed","Female",-50,12.05444336
"16","c0798B","Stressed","Female",-55,14.343261715
"17","c0798B","Stressed","Female",-60,10.6811523475
"18","c0798B","Stressed","Female",-65,7.019042968875
"19","c0798B","Stressed","Female",-70,-1.678466796875
"20","c0798B","Stressed","Female",-75,-3.814697267625
"21","c0799A","Control","Female",-30,21.66748044
"22","c0799A","Control","Female",-35,18.1579589875
"23","c0799A","Control","Female",-40,21.2097167975
"24","c0799A","Control","Female",-45,19.226074225
"25","c0799A","Control","Female",-50,10.528564455
"26","c0799A","Control","Female",-55,9.0026855475
"27","c0799A","Control","Female",-60,4.1198730425
"28","c0799A","Control","Female",-65,1.62500057854231e-09
"29","c0799A","Control","Female",-70,-6.86645508025
"30","c0799A","Control","Female",-75,-9.91821289575
"31","c0799B","Control","Female",-30,20.5993652375
"32","c0799B","Control","Female",-35,21.66748046575
"33","c0799B","Control","Female",-40,18.3105468755
"34","c0799B","Control","Female",-45,20.44677734375
"35","c0799B","Control","Female",-50,10.83374023
"36","c0799B","Control","Female",-55,15.563964845
"37","c0799B","Control","Female",-60,-2.1362304675
"38","c0799B","Control","Female",-65,8.6975097625
"39","c0799B","Control","Female",-70,-2.89916994000001
"40","c0799B","Control","Female",-75,-0.457763655000008
"41","c0812A","Control","Male",-30,7.47680665
"42","c0812A","Control","Male",-35,10.68115228
"43","c0812A","Control","Male",-40,18.1579589725
"44","c0812A","Control","Male",-45,8.85009767
"45","c0812A","Control","Male",-50,10.98632812575
"46","c0812A","Control","Male",-55,9.61303710925
"47","c0812A","Control","Male",-60,13.732910158125
"48","c0812A","Control","Male",-65,19.5312499975
"49","c0812A","Control","Male",-70,14.8010254
"50","c0812A","Control","Male",-75,10.2233886725
"51","c0818A","Control","Female",-30,22.277832075
"52","c0818A","Control","Female",-35,10.68115235
"53","c0818A","Control","Female",-40,12.969970675
"54","c0818A","Control","Female",-45,-7.78198244999999
"55","c0818A","Control","Female",-50,3.0517578
"56","c0818A","Control","Female",-55,-3.50952147249998
"57","c0818A","Control","Female",-60,3.50952148249999
"58","c0818A","Control","Female",-65,5.3405761675
"59","c0818A","Control","Female",-70,1.6784668
"60","c0818A","Control","Female",-75,9.307861331
"61","c0818C","Control","Female",-30,14.1906738
"62","c0818C","Control","Female",-35,10.52856445
"63","c0818C","Control","Female",-40,13.122558605
"64","c0818C","Control","Female",-45,-1.8310547
"65","c0818C","Control","Female",-50,4.5776367375
"66","c0818C","Control","Female",-55,4.11987304375
"67","c0818C","Control","Female",-60,9.00268555375001
"68","c0818C","Control","Female",-65,17.2424316395
"69","c0818C","Control","Female",-70,27.465820314875
"70","c0818C","Control","Female",-75,26.3977050675
"71","c0819A","Stressed","Female",-30,13.2751464675
"72","c0819A","Stressed","Female",-35,20.9045410125
"73","c0819A","Stressed","Female",-40,12.9699707
"74","c0819A","Stressed","Female",-45,9.15527343250002
"75","c0819A","Stressed","Female",-50,4.425048825
"76","c0819A","Stressed","Female",-55,-2.7465820325
"77","c0819A","Stressed","Female",-60,-8.544921875625
"78","c0819A","Stressed","Female",-65,-12.969970701
"79","c0819A","Stressed","Female",-70,-14.648437503
"80","c0819A","Stressed","Female",-75,-21.6674804675
"81","c0819B","Stressed","Female",-30,10.52856445
"82","c0819B","Stressed","Female",-35,6.71386715000001
"83","c0819B","Stressed","Female",-40,8.2397461275
"84","c0819B","Stressed","Female",-45,1.06811520749999
"85","c0819B","Stressed","Female",-50,5.95092773
"86","c0819B","Stressed","Female",-55,0.762939457500003
"87","c0819B","Stressed","Female",-60,3.81469727
"88","c0819B","Stressed","Female",-65,-4.425048832625
"89","c0819B","Stressed","Female",-70,-7.7819824225
"90","c0819B","Stressed","Female",-75,-10.986328124125
"91","c0822A","Control","Male",-30,7.93457031
"92","c0822A","Control","Male",-35,8.697509765
"93","c0822A","Control","Male",-40,19.2260742175
"94","c0822A","Control","Male",-45,10.68115234625
"95","c0822A","Control","Male",-50,11.44409179425
"96","c0822A","Control","Male",-55,7.47680664175
"97","c0822A","Control","Male",-60,3.35693359500002
"98","c0822A","Control","Male",-65,5.035400395
"99","c0822A","Control","Male",-70,-4.42504882875001
"100","c0822A","Control","Male",-75,3.05175781249999
"101","c0822B","Control","Male",-30,17.089843775
"102","c0822B","Control","Male",-35,21.3623047
"103","c0822B","Control","Male",-40,14.64843755
"104","c0822B","Control","Male",-45,14.6484375225
"105","c0822B","Control","Male",-50,13.42773439
"106","c0822B","Control","Male",-55,11.749267575
"107","c0822B","Control","Male",-60,5.18798828
"108","c0822B","Control","Male",-65,4.425048825
"109","c0822B","Control","Male",-70,1.983642580125
"110","c0822B","Control","Male",-75,-0.457763669499997
"111","c0823A","Stressed","Male",-30,11.5966796925
"112","c0823A","Stressed","Male",-35,19.073486325
"113","c0823A","Stressed","Male",-40,10.986328125
"114","c0823A","Stressed","Male",-45,12.6647949225
"115","c0823A","Stressed","Male",-50,2.89916992625
"116","c0823A","Stressed","Male",-55,-1.37329101687501
"117","c0823A","Stressed","Male",-60,9.30786133250001
"118","c0823A","Stressed","Male",-65,5.64575195249999
"119","c0823A","Stressed","Male",-70,13.885498045625
"120","c0823A","Stressed","Male",-75,2.44140625749999
"121","c0823B","Stressed","Male",-30,27.465820325
"122","c0823B","Stressed","Male",-35,16.937255875
"123","c0823B","Stressed","Male",-40,14.0380859
"124","c0823B","Stressed","Male",-45,19.378662075
"125","c0823B","Stressed","Male",-50,12.2070313
"126","c0823B","Stressed","Male",-55,11.596679725
"127","c0823B","Stressed","Male",-60,2.49998777235305e-09
"128","c0823B","Stressed","Male",-65,0.915527342500006
"129","c0823B","Stressed","Male",-70,-1.5258789075
"130","c0823B","Stressed","Male",-75,-6.5612792985
"131","c0824A","Control","Male",-30,32.3486328
"132","c0824A","Control","Male",-35,21.667480475
"133","c0824A","Control","Male",-40,24.871826175
"134","c0824A","Control","Male",-45,19.3786620975
"135","c0824A","Control","Male",-50,18.7683105375
"136","c0824A","Control","Male",-55,7.01904297
"137","c0824A","Control","Male",-60,-5.64575195
"138","c0824A","Control","Male",-65,-8.6975097655
"139","c0824A","Control","Male",-70,-13.12255859325
"140","c0824A","Control","Male",-75,-34.79003905875
"141","c0824B","Control","Male",-30,14.343261725
"142","c0824B","Control","Male",-35,18.920898435
"143","c0824B","Control","Male",-40,30.51757816
"144","c0824B","Control","Male",-45,23.9562988475
"145","c0824B","Control","Male",-50,20.5993652375
"146","c0824B","Control","Male",-55,18.157958985
"147","c0824B","Control","Male",-60,10.0708007875
"148","c0824B","Control","Male",-65,7.4768066425
"149","c0824B","Control","Male",-70,-1.678466795
"150","c0824B","Control","Male",-75,-3.662109374625
"151","c0824C","Control","Male",-30,9.46044922500002
"152","c0824C","Control","Male",-35,3.96728522500001
"153","c0824C","Control","Male",-40,7.01904300000001
"154","c0824C","Control","Male",-45,17.0898437675
"155","c0824C","Control","Male",-50,5.03540039
"156","c0824C","Control","Male",-55,-5.64575195225
"157","c0824C","Control","Male",-60,-3.8146972675
"158","c0824C","Control","Male",-65,-2.5939941425
"159","c0824C","Control","Male",-70,-7.324218755
"160","c0824C","Control","Male",-75,-3.66210935000001
"161","c0826A","Stressed","Male",-30,20.9045410125
"162","c0826A","Stressed","Male",-35,16.174316415
"163","c0826A","Stressed","Male",-40,26.092529295
"164","c0826A","Stressed","Male",-45,26.0925292975
"165","c0826A","Stressed","Male",-50,27.61840819675
"166","c0826A","Stressed","Male",-55,21.82006836
"167","c0826A","Stressed","Male",-60,22.7355957055
"168","c0826A","Stressed","Male",-65,18.0053710955
"169","c0826A","Stressed","Male",-70,19.836425785
"170","c0826A","Stressed","Male",-75,22.43041993
"171","c0826B","Stressed","Male",-30,1.525878905
"172","c0826B","Stressed","Male",-35,7.32421875
"173","c0826B","Stressed","Male",-40,-1.8310546875
"174","c0826B","Stressed","Male",-45,0.915527345000003
"175","c0826B","Stressed","Male",-50,0.305175783499999
"176","c0826B","Stressed","Male",-55,-0.152587891
"177","c0826B","Stressed","Male",-60,-4.42504882625
"178","c0826B","Stressed","Male",-65,-0.45776367225
"179","c0826B","Stressed","Male",-70,-0.915527342124996
"180","c0826B","Stressed","Male",-75,-3.66210937425
"181","c0827A","Stressed","Male",-30,16.63208008
"182","c0827A","Stressed","Male",-35,19.53125
"183","c0827A","Stressed","Male",-40,11.4440917975
"184","c0827A","Stressed","Male",-45,9.61303711250001
"185","c0827A","Stressed","Male",-50,10.681152345
"186","c0827A","Stressed","Male",-55,2.899169928
"187","c0827A","Stressed","Male",-60,4.57763671725
"188","c0827A","Stressed","Male",-65,0.305175780749998
"189","c0827A","Stressed","Male",-70,-5.95092773325
"190","c0827A","Stressed","Male",-75,-3.96728515437499
"191","c0827B","Stressed","Male",-30,37.2314453325
"192","c0827B","Stressed","Male",-35,18.61572263
"193","c0827B","Stressed","Male",-40,14.1906738325
"194","c0827B","Stressed","Male",-45,17.8527832025
"195","c0827B","Stressed","Male",-50,16.4794921925
"196","c0827B","Stressed","Male",-55,3.5095214825
"197","c0827B","Stressed","Male",-60,-5.34057617175
"198","c0827B","Stressed","Male",-65,-4.882812499375
"199","c0827B","Stressed","Male",-70,-11.13891601425
"200","c0827B","Stressed","Male",-75,-9.4604492175
"201","c0829A","Control","Male",-30,0.61035154249997
"202","c0829A","Control","Male",-35,6.408691445
"203","c0829A","Control","Male",-40,22.5830078275
"204","c0829A","Control","Male",-45,15.1062011725
"205","c0829A","Control","Male",-50,12.054443355
"206","c0829A","Control","Male",-55,3.81469726749999
"207","c0829A","Control","Male",-60,1.22070312425
"208","c0829A","Control","Male",-65,-0.305175784750006
"209","c0829A","Control","Male",-70,-0.915527344750004
"210","c0829A","Control","Male",-75,4.8828125
"211","c0829B","Control","Male",-30,3.35693357499997
"212","c0829B","Control","Male",-35,16.1743164
"213","c0829B","Control","Male",-40,14.953613325
"214","c0829B","Control","Male",-45,16.63208005
"215","c0829B","Control","Male",-50,7.47680662499999
"216","c0829B","Control","Male",-55,8.23974612250001
"217","c0829B","Control","Male",-60,4.119873045
"218","c0829B","Control","Male",-65,14.1906738275
"219","c0829B","Control","Male",-70,3.35693359575
"220","c0829B","Control","Male",-75,3.50952148250001
"221","c0830A","Control","Male",-30,48.828124975
"222","c0830A","Control","Male",-35,50.20141605
"223","c0830A","Control","Male",-40,49.896240225
"224","c0830A","Control","Male",-45,36.315918
"225","c0830A","Control","Male",-50,36.468505865
"226","c0830A","Control","Male",-55,30.059814475
"227","c0830A","Control","Male",-60,18.005371095
"228","c0830A","Control","Male",-65,9.0026855475
"229","c0830A","Control","Male",-70,0.610351562625
"230","c0830A","Control","Male",-75,-2.89916992
"231","c0830B","Control","Male",-30,-12.207031245
"232","c0830B","Control","Male",-35,-26.70288086
"233","c0830B","Control","Male",-40,-21.66748047
"234","c0830B","Control","Male",-45,-18.61572265975
"235","c0830B","Control","Male",-50,-9.91821289
"236","c0830B","Control","Male",-55,-5.00001817727025e-10
"237","c0830B","Control","Male",-60,5.64575195225
"238","c0830B","Control","Male",-65,9.3078613305
"239","c0830B","Control","Male",-70,6.713867179
"240","c0830B","Control","Male",-75,4.88281250000001
"241","c0845A","Stressed","Male",-30,28.0761718625
"242","c0845A","Stressed","Male",-35,2.59399418249998
"243","c0845A","Stressed","Male",-40,22.12524419
"244","c0845A","Stressed","Male",-45,10.8337402375
"245","c0845A","Stressed","Male",-50,12.2070312225
"246","c0845A","Stressed","Male",-55,10.52856445
"247","c0845A","Stressed","Male",-60,-11.291503905
"248","c0845A","Stressed","Male",-65,-4.27246094250001
"249","c0845A","Stressed","Male",-70,-10.22338867575
"250","c0845A","Stressed","Male",-75,-10.3759765645
"251","c0845B","Stressed","Male",-30,18.4631347425
"252","c0845B","Stressed","Male",-35,15.1062011725
"253","c0845B","Stressed","Male",-40,10.986328125
"254","c0845B","Stressed","Male",-45,8.0871582025
"255","c0845B","Stressed","Male",-50,-0.152587887499998
"256","c0845B","Stressed","Male",-55,-7.171630853
"257","c0845B","Stressed","Male",-60,-14.038085935625
"258","c0845B","Stressed","Male",-65,-15.716552735625
"259","c0845B","Stressed","Male",-70,-14.8010253925
"260","c0845B","Stressed","Male",-75,-16.6320800795
"261","c0850A","Control","Female",-30,30.975341795
"262","c0850A","Control","Female",-35,24.2614746025
"263","c0850A","Control","Female",-40,28.2287597675
"264","c0850A","Control","Female",-45,22.2778320325
"265","c0850A","Control","Female",-50,12.512207025
"266","c0850A","Control","Female",-55,5.34057617249999
"267","c0850A","Control","Female",-60,-1.52587890499999
"268","c0850A","Control","Female",-65,-9.6130371095
"269","c0850A","Control","Female",-70,-10.528564455
"270","c0850A","Control","Female",-75,-11.901855465625
"271","c0850B","Control","Female",-30,-9.61303715
"272","c0850B","Control","Female",-35,-11.596679725
"273","c0850B","Control","Female",-40,-8.69750977499999
"274","c0850B","Control","Female",-45,-7.17163082750001
"275","c0850B","Control","Female",-50,-9.1552734525
"276","c0850B","Control","Female",-55,-5.7983398475
"277","c0850B","Control","Female",-60,-4.11987304750001
"278","c0850B","Control","Female",-65,0.305175785000003
"279","c0850B","Control","Female",-70,6.713867188
"280","c0850B","Control","Female",-75,3.204345706125
"281","c0850C","Control","Female",-30,7.17163085000004
"282","c0850C","Control","Female",-35,8.85009764999998
"283","c0850C","Control","Female",-40,7.93457032000001
"284","c0850C","Control","Female",-45,6.10351562500001
"285","c0850C","Control","Female",-50,1.22070312
"286","c0850C","Control","Female",-55,-3.204345705
"287","c0850C","Control","Female",-60,-2.593994145
"288","c0850C","Control","Female",-65,-7.0190429655
"289","c0850C","Control","Female",-70,-9.3078613295
"290","c0850C","Control","Female",-75,-8.8500976575
"291","c0851A","Stressed","Female",-30,20.44677735
"292","c0851A","Stressed","Female",-35,25.3295898
"293","c0851A","Stressed","Female",-40,35.09521482
"294","c0851A","Stressed","Female",-45,28.076171895
"295","c0851A","Stressed","Female",-50,18.0053710975
"296","c0851A","Stressed","Female",-55,21.6674804625
"297","c0851A","Stressed","Female",-60,12.9699707005
"298","c0851A","Stressed","Female",-65,9.002685547
"299","c0851A","Stressed","Female",-70,8.54492187375
"300","c0851A","Stressed","Female",-75,6.8664550775
"301","c0851B","Stressed","Female",-30,0.610351550000019
"302","c0851B","Stressed","Female",-35,-3.35693355000001
"303","c0851B","Stressed","Female",-40,0.610351534999978
"304","c0851B","Stressed","Female",-45,1.06811524
"305","c0851B","Stressed","Female",-50,-6.4086914025
"306","c0851B","Stressed","Female",-55,-2.7465820275
"307","c0851B","Stressed","Female",-60,3.6621093745
"308","c0851B","Stressed","Female",-65,1.37329101625
"309","c0851B","Stressed","Female",-70,1.373291016
"310","c0851B","Stressed","Female",-75,3.66210937525
"311","c0852A","Stressed","Male",-30,14.49584961
"312","c0852A","Stressed","Male",-35,18.6157226625
"313","c0852A","Stressed","Male",-40,9.00268555
"314","c0852A","Stressed","Male",-45,2.89916992
"315","c0852A","Stressed","Male",-50,-3.3569335975
"316","c0852A","Stressed","Male",-55,-5.493164063
"317","c0852A","Stressed","Male",-60,-8.08715820025
"318","c0852A","Stressed","Male",-65,-11.5966796875
"319","c0852A","Stressed","Male",-70,-9.155273435875
"320","c0852A","Stressed","Male",-75,-8.392333985
"321","c0852B","Stressed","Male",-30,4.730224615
"322","c0852B","Stressed","Male",-35,7.47680664000001
"323","c0852B","Stressed","Male",-40,4.42504882750001
"324","c0852B","Stressed","Male",-45,0.610351562499993
"325","c0852B","Stressed","Male",-50,-2.28881836000001
"326","c0852B","Stressed","Male",-55,0.76293945175
"327","c0852B","Stressed","Male",-60,-1.220703126875
"328","c0852B","Stressed","Male",-65,-4.8828124995
"329","c0852B","Stressed","Male",-70,-5.3405761725
"330","c0852B","Stressed","Male",-75,-4.73022461
"331","c0856A","Stressed","Female",-30,29.4494628750001
"332","c0856A","Stressed","Female",-35,26.092529325
"333","c0856A","Stressed","Female",-40,26.550292925
"334","c0856A","Stressed","Female",-45,28.686523425
"335","c0856A","Stressed","Female",-50,18.463134825
"336","c0856A","Stressed","Female",-55,10.0708007775
"337","c0856A","Stressed","Female",-60,12.3596191425
"338","c0856A","Stressed","Female",-65,8.69750977125
"339","c0856A","Stressed","Female",-70,10.986328125
"340","c0856A","Stressed","Female",-75,14.801025393
"341","c0856B","Stressed","Female",-30,42.266845675
"342","c0856B","Stressed","Female",-35,37.994384775
"343","c0856B","Stressed","Female",-40,29.144287145
"344","c0856B","Stressed","Female",-45,23.4985351425
"345","c0856B","Stressed","Female",-50,15.2587890675
"346","c0856B","Stressed","Female",-55,15.106201175
"347","c0856B","Stressed","Female",-60,5.340576173125
"348","c0856B","Stressed","Female",-65,7.62939453375
"349","c0856B","Stressed","Female",-70,-5.950927734875
"350","c0856B","Stressed","Female",-75,-10.37597656
"351","c0856C","Stressed","Female",-30,-13.732910125
"352","c0856C","Stressed","Female",-35,4.57763672499999
"353","c0856C","Stressed","Female",-40,-13.885498025
"354","c0856C","Stressed","Female",-45,3.96728512499999
"355","c0856C","Stressed","Female",-50,3.81469730000001
"356","c0856C","Stressed","Female",-55,-8.392333995
"357","c0856C","Stressed","Female",-60,-5.34057617
"358","c0856C","Stressed","Female",-65,-11.444091798
"359","c0856C","Stressed","Female",-70,-4.88281249999999
"360","c0856C","Stressed","Female",-75,-5.035400395
"361","c0860A","Stressed","Male",-30,21.209716815
"362","c0860A","Stressed","Male",-35,24.1088867175
"363","c0860A","Stressed","Male",-40,7.62939453000001
"364","c0860A","Stressed","Male",-45,14.80102539
"365","c0860A","Stressed","Male",-50,6.7138671875
"366","c0860A","Stressed","Male",-55,2.89916991975
"367","c0860A","Stressed","Male",-60,-7.32421875
"368","c0860A","Stressed","Male",-65,-12.9699707045
"369","c0860A","Stressed","Male",-70,-11.444091798125
"370","c0860A","Stressed","Male",-75,-17.2424316395
"371","c0861A","Control","Male",-30,14.03808595
"372","c0861A","Control","Male",-35,27.3132324675
"373","c0861A","Control","Male",-40,35.2478027125
"374","c0861A","Control","Male",-45,26.855468765
"375","c0861A","Control","Male",-50,13.4277343775
"376","c0861A","Control","Male",-55,7.01904297
"377","c0861A","Control","Male",-60,-9.765625001125
"378","c0861A","Control","Male",-65,-13.580322267
"379","c0861A","Control","Male",-70,-19.68383789175
"380","c0861A","Control","Male",-75,-23.803710934
"381","c0861B","Control","Male",-30,10.83374023
"382","c0861B","Control","Male",-35,5.3405761675
"383","c0861B","Control","Male",-40,4.57763671750001
"384","c0861B","Control","Male",-45,4.8828125
"385","c0861B","Control","Male",-50,1.373291015
"386","c0861B","Control","Male",-55,7.629394532
"387","c0861B","Control","Male",-60,-0.305175780625
"388","c0861B","Control","Male",-65,1.37329101575
"389","c0861B","Control","Male",-70,1.6784667975
"390","c0861B","Control","Male",-75,-2.44140624925
"391","c0864B","Stressed","Female",-30,15.1062011725
"392","c0864B","Stressed","Female",-35,28.9916992275
"393","c0864B","Stressed","Female",-40,22.8881835975
"394","c0864B","Stressed","Female",-45,14.95361328
"395","c0864B","Stressed","Female",-50,18.157958985
"396","c0864B","Stressed","Female",-55,12.20703125
"397","c0864B","Stressed","Female",-60,7.93457031250001
"398","c0864B","Stressed","Female",-65,6.408691410625
"399","c0864B","Stressed","Female",-70,5.493164065
"400","c0864B","Stressed","Female",-75,5.9509277335
"401","c0871A","Stressed","Male",-30,14.953613255
"402","c0871A","Stressed","Male",-35,13.427734395
"403","c0871A","Stressed","Male",-40,25.177001955
"404","c0871A","Stressed","Male",-45,10.8337402325
"405","c0871A","Stressed","Male",-50,2.44140625
"406","c0871A","Stressed","Male",-55,-2.5939941405
"407","c0871A","Stressed","Male",-60,-8.69750976425
"408","c0871A","Stressed","Male",-65,-7.78198242000001
"409","c0871A","Stressed","Male",-70,-9.76562500275
"410","c0871A","Stressed","Male",-75,-17.700195317
"411","c0871B","Stressed","Male",-30,5.18798828
"412","c0871B","Stressed","Male",-35,-4.1198730425
"413","c0871B","Stressed","Male",-40,-18.005371095
"414","c0871B","Stressed","Male",-45,-13.4277343725
"415","c0871B","Stressed","Male",-50,-13.1225585925
"416","c0871B","Stressed","Male",-55,-6.2561035125
"417","c0871B","Stressed","Male",-60,-10.83374023875
"418","c0871B","Stressed","Male",-65,-10.3759765655
"419","c0871B","Stressed","Male",-70,-6.40869140675
"420","c0871B","Stressed","Male",-75,-13.122558596
"421","c0874A","Control","Male",-30,25.329589875
"422","c0874A","Control","Male",-35,44.555664025
"423","c0874A","Control","Male",-40,39.367675775
"424","c0874A","Control","Male",-45,40.588378905
"425","c0874A","Control","Male",-50,32.0434570175
"426","c0874A","Control","Male",-55,22.43041992
"427","c0874A","Control","Male",-60,16.17431640625
"428","c0874A","Control","Male",-65,5.3405761705
"429","c0874A","Control","Male",-70,2.28881836000001
"430","c0874A","Control","Male",-75,7.93457031050002
"431","c0879A","Control","Male",-30,1.678466775
"432","c0879A","Control","Male",-35,4.57763672499999
"433","c0879A","Control","Male",-40,2.28881832499997
"434","c0879A","Control","Male",-45,13.88549805
"435","c0879A","Control","Male",-50,7.47680664999999
"436","c0879A","Control","Male",-55,19.378662125
"437","c0879A","Control","Male",-60,19.53125
"438","c0879A","Control","Male",-65,12.3596191425
"439","c0879A","Control","Male",-70,8.544921876
"440","c0879A","Control","Male",-75,-5.64575194999999
"441","c0879B","Control","Male",-30,8.087158215
"442","c0879B","Control","Male",-35,3.3569335975
"443","c0879B","Control","Male",-40,5.79833984
"444","c0879B","Control","Male",-45,5.950927731
"445","c0879B","Control","Male",-50,5.950927735625
"446","c0879B","Control","Male",-55,7.47680664675
"447","c0879B","Control","Male",-60,5.03540039
"448","c0879B","Control","Male",-65,-0.152587887500005
"449","c0879B","Control","Male",-70,-3.0517578125
"450","c0879B","Control","Male",-75,2.4414062525
"451","c0879C","Control","Male",-30,18.463134725
"452","c0879C","Control","Male",-35,-3.35693355000001
"453","c0879C","Control","Male",-40,10.223388675
"454","c0879C","Control","Male",-45,10.52856445
"455","c0879C","Control","Male",-50,11.5966797
"456","c0879C","Control","Male",-55,4.42504884749999
"457","c0879C","Control","Male",-60,14.64843749
"458","c0879C","Control","Male",-65,11.5966796875
"459","c0879C","Control","Male",-70,2.89916992225
"460","c0879C","Control","Male",-75,-0.305175782500008
"461","c0880A","Control","Male",-30,65.46020505
"462","c0880A","Control","Male",-35,59.509277325
"463","c0880A","Control","Male",-40,66.833496075
"464","c0880A","Control","Male",-45,52.3376464725
"465","c0880A","Control","Male",-50,36.6210937375
"466","c0880A","Control","Male",-55,10.5285644675
"467","c0880A","Control","Male",-60,1.98364257749999
"468","c0880A","Control","Male",-65,2.5939941375
"469","c0880A","Control","Male",-70,-3.05175781
"470","c0880A","Control","Male",-75,-7.934570313
"471","c0882A","Stressed","Male",-30,26.092529325
"472","c0882A","Stressed","Male",-35,27.7709960925
"473","c0882A","Stressed","Male",-40,21.667480465
"474","c0882A","Stressed","Male",-45,16.4794922075
"475","c0882A","Stressed","Male",-50,15.563964855
"476","c0882A","Stressed","Male",-55,12.9699706925
"477","c0882A","Stressed","Male",-60,2.44140625500002
"478","c0882A","Stressed","Male",-65,-2.746582035
"479","c0882A","Stressed","Male",-70,-5.49316406000001
"480","c0882A","Stressed","Male",-75,-6.86645507749999
"481","c0882B","Stressed","Male",-30,26.245117175
"482","c0882B","Stressed","Male",-35,29.4494629249999
"483","c0882B","Stressed","Male",-40,22.430419925
"484","c0882B","Stressed","Male",-45,16.174316325
"485","c0882B","Stressed","Male",-50,10.68115235
"486","c0882B","Stressed","Male",-55,1.37329102500001
"487","c0882B","Stressed","Male",-60,4.57763673499998
"488","c0882B","Stressed","Male",-65,-3.356933595
"489","c0882B","Stressed","Male",-70,-2.8991699175
"490","c0882B","Stressed","Male",-75,-7.629394528
"491","c0882C","Stressed","Male",-30,33.721923775
"492","c0882C","Stressed","Male",-35,37.536621075
"493","c0882C","Stressed","Male",-40,30.975341805
"494","c0882C","Stressed","Male",-45,18.310546865
"495","c0882C","Stressed","Male",-50,12.512207025
"496","c0882C","Stressed","Male",-55,2.5939941425
"497","c0882C","Stressed","Male",-60,-0.152587892499998
"498","c0882C","Stressed","Male",-65,-9.0026855485
"499","c0882C","Stressed","Male",-70,-13.88549805
"500","c0882C","Stressed","Male",-75,-9.0026855505
"501","c0884A","Stressed","Female",-30,13.885498025
"502","c0884A","Stressed","Female",-35,21.36230465
"503","c0884A","Stressed","Female",-40,20.904541
"504","c0884A","Stressed","Female",-45,25.787353575
"505","c0884A","Stressed","Female",-50,16.4794921925
"506","c0884A","Stressed","Female",-55,14.3432617125
"507","c0884A","Stressed","Female",-60,10.2233886725
"508","c0884A","Stressed","Female",-65,6.10351562675
"509","c0884A","Stressed","Female",-70,4.119873045
"510","c0884A","Stressed","Female",-75,-6.8664550725
"511","c0884B","Stressed","Female",-30,35.095214825
"512","c0884B","Stressed","Female",-35,52.4902343875
"513","c0884B","Stressed","Female",-40,44.55566406
"514","c0884B","Stressed","Female",-45,32.0434570325
"515","c0884B","Stressed","Female",-50,25.1770019525
"516","c0884B","Stressed","Female",-55,12.664794925
"517","c0884B","Stressed","Female",-60,4.27246093725
"518","c0884B","Stressed","Female",-65,1.67846679525
"519","c0884B","Stressed","Female",-70,-0.152587890250004
"520","c0884B","Stressed","Female",-75,-4.27246093875
"521","c0884C","Stressed","Female",-30,29.296875025
"522","c0884C","Stressed","Female",-35,25.17700195
"523","c0884C","Stressed","Female",-40,24.7192382825
"524","c0884C","Stressed","Female",-45,18.157958985
"525","c0884C","Stressed","Female",-50,13.1225585925
"526","c0884C","Stressed","Female",-55,7.476806640875
"527","c0884C","Stressed","Female",-60,6.103515627125
"528","c0884C","Stressed","Female",-65,-0.15258789
"529","c0884C","Stressed","Female",-70,-5.34057617
"530","c0884C","Stressed","Female",-75,-1.98364257999999
"531","c0885A","Control","Female",-30,8.850097655
"532","c0885A","Control","Female",-35,17.39501952
"533","c0885A","Control","Female",-40,15.8691406225
"534","c0885A","Control","Female",-45,21.82006836
"535","c0885A","Control","Female",-50,19.8364257775
"536","c0885A","Control","Female",-55,14.34326171675
"537","c0885A","Control","Female",-60,12.3596191375
"538","c0885A","Control","Female",-65,9.0026855465
"539","c0885A","Control","Female",-70,4.730224605
"540","c0885A","Control","Female",-75,-2.59399414249999
"541","c0885B","Control","Female",-30,18.157959
"542","c0885B","Control","Female",-35,22.43042
"543","c0885B","Control","Female",-40,10.833740225
"544","c0885B","Control","Female",-45,3.20434572499998
"545","c0885B","Control","Female",-50,4.27246095000002
"546","c0885B","Control","Female",-55,5.18798827500001
"547","c0885B","Control","Female",-60,-7.01904296749998
"548","c0885B","Control","Female",-65,-10.22338867
"549","c0885B","Control","Female",-70,-9.460449225
"550","c0885B","Control","Female",-75,-2.136230469
"551","c0885C","Control","Female",-30,18.463134785
"552","c0885C","Control","Female",-35,23.9562988275
"553","c0885C","Control","Female",-40,25.177001955
"554","c0885C","Control","Female",-45,15.7165527375
"555","c0885C","Control","Female",-50,17.5476074275
"556","c0885C","Control","Female",-55,13.58032226825
"557","c0885C","Control","Female",-60,8.8500976565
"558","c0885C","Control","Female",-65,7.476806638875
"559","c0885C","Control","Female",-70,5.645751955375
"560","c0885C","Control","Female",-75,2.2888183625
"561","c0889A","Stressed","Male",-30,10.681152325
"562","c0889A","Stressed","Male",-35,27.618408225
"563","c0889A","Stressed","Male",-40,30.36499025
"564","c0889A","Stressed","Male",-45,44.708251975
"565","c0889A","Stressed","Male",-50,18.6157227
"566","c0889A","Stressed","Male",-55,38.7573242
"567","c0889A","Stressed","Male",-60,20.59936525
"568","c0889A","Stressed","Male",-65,16.6320800975
"569","c0889A","Stressed","Male",-70,4.27246092
"570","c0889A","Stressed","Male",-75,-2.28881836250001
"571","c0889B","Stressed","Male",-30,0.152587900000029
"572","c0889B","Stressed","Male",-35,5.34057617000002
"573","c0889B","Stressed","Male",-40,3.96728515249998
"574","c0889B","Stressed","Male",-45,1.98364257749999
"575","c0889B","Stressed","Male",-50,2.59399414749999
"576","c0889B","Stressed","Male",-55,2.7465820295
"577","c0889B","Stressed","Male",-60,0.762939451874999
"578","c0889B","Stressed","Male",-65,4.119873047
"579","c0889B","Stressed","Male",-70,-3.3569335925
"580","c0889B","Stressed","Male",-75,0.305175784999996
"581","c0890A","Control","Male",-30,0.762939449999919
"582","c0890A","Control","Male",-35,13.7329101750001
"583","c0890A","Control","Male",-40,8.85009769999996
"584","c0890A","Control","Male",-45,10.223388675
"585","c0890A","Control","Male",-50,10.37597655
"586","c0890A","Control","Male",-55,5.79833980000001
"587","c0890A","Control","Male",-60,3.50952144999998
"588","c0890A","Control","Male",-65,1.67846679000002
"589","c0890A","Control","Male",-70,3.05175781500001
"590","c0890A","Control","Male",-75,-3.204345705
"591","c0890B","Control","Male",-30,19.9890136775
"592","c0890B","Control","Male",-35,17.395019525
"593","c0890B","Control","Male",-40,18.1579589775
"594","c0890B","Control","Male",-45,5.493164065
"595","c0890B","Control","Male",-50,1.6784667975
"596","c0890B","Control","Male",-55,-3.3569335975
"597","c0890B","Control","Male",-60,-3.662109375
"598","c0890B","Control","Male",-65,-0.91552734175
"599","c0890B","Control","Male",-70,2.13623046875001
"600","c0890B","Control","Male",-75,0.152587887499998
"601","c0896A","Control","Female",-30,32.653808575
"602","c0896A","Control","Female",-35,17.547607425
"603","c0896A","Control","Female",-40,58.28857423
"604","c0896A","Control","Female",-45,25.6347656225
"605","c0896A","Control","Female",-50,22.5830078025
"606","c0896A","Control","Female",-55,3.5095214775
"607","c0896A","Control","Female",-60,3.2043457025
"608","c0896A","Control","Female",-65,-21.05712890875
"609","c0896A","Control","Female",-70,-16.326904298125
"610","c0896A","Control","Female",-75,-28.83911132825
"611","c0896B","Control","Female",-30,32.19604485
"612","c0896B","Control","Female",-35,46.691894525
"613","c0896B","Control","Female",-40,53.405761725
"614","c0896B","Control","Female",-45,35.7055664225
"615","c0896B","Control","Female",-50,50.048828125
"616","c0896B","Control","Female",-55,29.754638671
"617","c0896B","Control","Female",-60,29.14428711125
"618","c0896B","Control","Female",-65,25.7873535125
"619","c0896B","Control","Female",-70,5.64575194999999
"620","c0896B","Control","Female",-75,-3.50952148
"621","c0896C","Control","Female",-30,25.6347656
"622","c0896C","Control","Female",-35,30.2124023
"623","c0896C","Control","Female",-40,30.67016602
"624","c0896C","Control","Female",-45,16.32690429
"625","c0896C","Control","Female",-50,16.93725586
"626","c0896C","Control","Female",-55,10.07080078
"627","c0896C","Control","Female",-60,16.0217285125
"628","c0896C","Control","Female",-65,0.152587890125
"629","c0896C","Control","Female",-70,-5.49316406225
"630","c0896C","Control","Female",-75,-4.27246093675
